driver_id;driver_name;total_pedidos;pedidos_com_reclamacao;taxa_reclamacao_percentual;total_itens_entregues;total_itens_faltando
WDID10417;James Velez;11;4;36.36;120;5
WDID10477;Kristine Bradshaw;11;4;36.36;113;4
WDID10078;Todd Morris;11;4;36.36;129;5
WDID10449;Natasha White;11;4;36.36;100;5
WDID10311;Caleb Martinez;11;4;36.36;116;5
WDID10484;Sean Walker;11;4;36.36;81;4
WDID10386;Dennis Robinson MD;11;4;36.36;107;5
WDID10448;Jennifer Thornton;11;4;36.36;121;5
WDID10544;Kevin Morris;11;4;36.36;100;4
WDID10532;Kelly Sosa;11;4;36.36;124;4
WDID10509;Timothy Francis;11;4;36.36;118;4
WDID10526;Megan Hunt;11;4;36.36;119;4
WDID10066;Ryan Gomez;11;4;36.36;130;5
WDID10524;Angela Evans;11;4;36.36;140;4
WDID10442;Marc Waters;11;4;36.36;147;5
WDID10388;Damon Bailey;11;4;36.36;117;5
WDID10324;Glenda Johnson;11;4;36.36;113;5
WDID10450;Deborah Graham;11;4;36.36;108;5
WDID10071;Chad Medina;11;4;36.36;133;5
WDID09892;Andrew Lambert;11;4;36.36;102;5
WDID10535;Amanda King;11;4;36.36;108;4
WDID10219;Justin Robinson;11;4;36.36;127;5
WDID10356;Christina Bowers;11;4;36.36;94;5
WDID10256;Jennifer Brown;11;4;36.36;141;5
WDID10312;Toni Carter DDS;11;4;36.36;93;5
WDID10444;Jennifer Rasmussen;11;4;36.36;124;5
WDID10491;Cristina Martin;11;4;36.36;80;4
WDID10503;Alec Rodriguez;11;4;36.36;113;4
WDID10355;Stacy Blackburn;11;4;36.36;97;5
WDID09893;Mrs. Valerie Schwartz MD;11;4;36.36;106;5
WDID10084;Candace Taylor;11;4;36.36;122;5
WDID09879;Shane Palmer;11;4;36.36;95;6
WDID09891;Justin Parsons;11;4;36.36;98;5
WDID10218;Shelly Sweeney;11;4;36.36;97;5
WDID10252;Timothy Humphrey;11;4;36.36;94;5
WDID10497;Heather Davis;11;4;36.36;133;4
WDID10098;Alice Giles;11;4;36.36;99;5
WDID10518;Nicholas Hendricks;11;4;36.36;109;4
WDID10528;Betty Brown;11;4;36.36;101;4
WDID10076;Michelle Kane;11;4;36.36;95;5
WDID10498;Alan Woodward;11;4;36.36;109;4
WDID10510;Oscar Shah;11;4;36.36;117;4
WDID10474;Aaron Garcia;11;4;36.36;107;4
WDID10318;Jason Young;11;4;36.36;79;5
WDID10058;Holly Grant;11;4;36.36;120;5
WDID10540;Brittany Rodriguez;11;4;36.36;106;4
WDID10530;Courtney Schroeder;11;4;36.36;111;4
WDID10081;Jonathan Gonzalez;11;4;36.36;106;5
WDID10533;Michelle Robinson;11;4;36.36;114;4
WDID10499;Brian Wheeler IV;11;4;36.36;108;4
WDID10226;Sherri Allen;11;4;36.36;102;5
WDID10097;Melissa Little;11;4;36.36;96;5
WDID10089;Andrew Smith;11;4;36.36;129;5
WDID09885;Jacob Barker;11;4;36.36;141;6
WDID10217;Christopher Cooper;11;4;36.36;114;5
WDID09883;Charles Rios DVM;11;4;36.36;99;6
WDID10245;William Ballard;11;4;36.36;79;5
WDID10321;Crystal Ellis;11;4;36.36;108;5
WDID09884;James Winters;11;4;36.36;86;6
WDID10534;Jared Cooper;11;4;36.36;94;4
WDID10539;Tracy Adkins;11;4;36.36;114;4
WDID10313;Nathan Price;11;4;36.36;153;5
WDID10068;Tyler Stewart;11;4;36.36;112;5
WDID10505;Paula Case;11;4;36.36;107;4
WDID10527;Matthew Brown;11;4;36.36;138;4
WDID09880;Brittany Gordon;11;4;36.36;136;6
WDID10469;Leslie Powell;11;4;36.36;105;4
WDID09874;Billy Lawson;11;4;36.36;103;6
WDID10064;Charlotte Davila;11;4;36.36;105;5
WDID10525;Kevin Morales;11;4;36.36;101;4
WDID09888;Nancy Porter;11;4;36.36;86;6
WDID10389;Megan Smith;11;4;36.36;129;5
WDID10250;Jared Campos;11;4;36.36;101;5
WDID10253;Kenneth Hess;11;4;36.36;103;5
WDID10420;Heather King;11;4;36.36;130;5
WDID10323;Edward Moore;11;4;36.36;125;5
WDID09890;Cynthia Owens;11;4;36.36;109;6
WDID10251;Jennifer Solis;11;4;36.36;106;5
WDID10080;Kimberly Russell;11;4;36.36;135;5
WDID10423;Robert Wright;11;4;36.36;96;5
WDID10515;Kelly Anderson;11;4;36.36;109;4
WDID09895;Jason Moss;11;4;36.36;79;5
WDID10488;Scott Alvarez;11;4;36.36;115;4
WDID10326;Brittany Daniel;11;4;36.36;116;5
WDID10502;Heather Johnson;11;4;36.36;113;4
WDID10258;Christopher Williams;11;4;36.36;107;5
WDID10320;Amanda Bennett;11;4;36.36;132;5
WDID10070;Heather Torres;11;4;36.36;81;5
WDID10221;Michael Baxter;11;4;36.36;120;5
WDID10470;Wendy Vincent;11;4;36.36;118;4
WDID10468;Joan Melton;11;4;36.36;141;4
WDID10483;Glenn Anderson;11;4;36.36;89;4
WDID10422;Patrick Hall;11;4;36.36;117;5
WDID10059;Amber Porter;11;4;36.36;115;5
WDID10493;Justin Reynolds;11;4;36.36;119;4
WDID10447;Patricia Vance;11;4;36.36;72;5
WDID10319;Cynthia Thomas;11;4;36.36;106;5
WDID10478;Joseph Lopez;11;4;36.36;122;4
WDID10216;Nicole Freeman;11;4;36.36;124;5
WDID10514;Mary Lee;11;4;36.36;113;4
WDID09896;Anthony Robertson;11;4;36.36;118;5
WDID10359;Dustin Wood;11;4;36.36;113;5
WDID10463;Rebecca Lin;11;4;36.36;104;4
WDID10074;Joseph Roberts;11;4;36.36;92;5
WDID10091;Paul Boyd;11;4;36.36;96;5
WDID10082;Brittany Morgan;11;4;36.36;124;5
WDID10309;Jessica Acosta;11;4;36.36;99;5
WDID10481;Stephanie Johnson;11;4;36.36;90;4
WDID10480;Dr. Elizabeth Cooper DDS;11;4;36.36;153;4
WDID10441;Sandra Case;11;4;36.36;97;5
WDID10512;Jason Evans;11;4;36.36;123;4
WDID10537;Veronica Taylor;11;4;36.36;137;4
WDID10479;Rebecca Duffy;11;4;36.36;147;4
WDID09889;Carla James;11;4;36.36;126;6
WDID10543;Mr. Kenneth Adams;11;4;36.36;84;4
WDID10538;Stephen Kent;11;4;36.36;123;4
WDID10067;Bruce Lane;11;4;36.36;117;5
WDID10522;Michelle Hess;11;4;36.36;118;4
WDID10358;Nancy Snyder;11;4;36.36;119;5
WDID10513;Andrew Reid;11;4;36.36;107;4
WDID09894;Jennifer Wright;11;4;36.36;145;5
WDID10489;Jessica Patterson;11;4;36.36;110;4
WDID10387;Dalton Rogers;11;4;36.36;92;5
WDID10445;Denise Brown;11;4;36.36;83;5
WDID09877;James White;11;4;36.36;111;6
WDID10476;Scott Carter;11;4;36.36;106;4
WDID10472;Brent Green;11;4;36.36;77;4
WDID10222;Daniel Hall;11;4;36.36;66;5
WDID10519;Bradley Bradford;11;4;36.36;115;4
WDID10520;Janet Smith;11;4;36.36;104;4
WDID10072;Brian Crawford;11;4;36.36;81;5
WDID10317;Stephen Walls;11;4;36.36;103;5
WDID10092;Savannah Berg;11;4;36.36;82;5
WDID10531;Brian Ellis;11;4;36.36;85;4
WDID10482;Robert Jones;11;4;36.36;97;4
WDID10529;Jasmine Smith;11;4;36.36;73;4
WDID09873;Pamela Moore;11;4;36.36;94;6
WDID10083;Andrea Choi;11;4;36.36;107;5
WDID10542;Antonio Johnson;11;4;36.36;112;4
WDID10467;Amy Fox;11;4;36.36;99;4
WDID10475;Jeffery Taylor;11;4;36.36;69;4
WDID10494;Doris Li;11;4;36.36;118;4
WDID10465;Kirk Parker;11;4;36.36;125;4
WDID10314;Joshua Barrett;11;4;36.36;113;5
WDID10416;Sandra Henry;11;4;36.36;130;5
WDID10443;Darryl Wilson;11;4;36.36;118;5
WDID10257;Paul Lyons;11;4;36.36;117;5
WDID10101;Anita Harris;11;4;36.36;115;5
WDID09878;Roger Green;11;4;36.36;123;6
WDID10541;Heidi Owens;11;4;36.36;106;4
WDID10325;Kimberly Townsend;11;4;36.36;139;5
WDID10490;Joan Brooks;11;4;36.36;98;4
WDID10486;Taylor Pope;11;4;36.36;98;4
WDID10227;David Williams;11;4;36.36;117;5
WDID10473;Matthew Wood;11;4;36.36;102;4
WDID10511;Dr. Dustin Sherman DVM;11;4;36.36;93;4
WDID09876;Jordan Daniel;11;4;36.36;99;6
WDID10501;Caroline Smith;11;4;36.36;86;4
WDID10077;Brent Werner;11;4;36.36;74;5
WDID10485;Gina Martinez;11;4;36.36;79;4
WDID10225;Mary Miller;11;4;36.36;88;5
WDID10315;Courtney Smith;11;4;36.36;101;5
WDID10087;Jessica Johnson;11;4;36.36;110;5
WDID10495;Priscilla White;11;4;36.36;125;4
WDID10100;Nicholas Drake;11;4;36.36;91;5
WDID10421;Jesse Solomon;11;4;36.36;78;5
WDID10508;Adam Wilson;11;4;36.36;96;4
WDID10523;Laura Hampton;11;4;36.36;112;4
WDID10085;Charles Barrett;11;4;36.36;126;5
WDID10099;Julie Nichols;11;4;36.36;112;5
WDID10096;Kelly Lopez;11;4;36.36;118;5
WDID10504;Tracey Thomas;11;4;36.36;107;4
WDID09887;Debbie Cox;11;4;36.36;89;6
WDID10517;Timothy Brown;11;4;36.36;119;4
WDID10492;Christie Ramirez;11;4;36.36;124;4
WDID10065;Nicole Martinez;11;4;36.36;133;5
WDID10516;Leah Shelton;11;4;36.36;85;4
WDID10419;Valerie Davis;11;4;36.36;126;5
WDID10466;Alison Knight;11;4;36.36;141;4
WDID10322;Dana Ferguson;11;4;36.36;62;5
WDID09875;Stephen Randolph;11;4;36.36;86;6
WDID10228;Lindsey Nash;11;4;36.36;134;5
WDID10069;Ms. Lindsay Carpenter;11;4;36.36;98;5
WDID10090;Jennifer Harris;11;4;36.36;105;5
WDID10223;Scott Bell;11;4;36.36;99;5
WDID10073;Elizabeth Robinson;11;4;36.36;81;5
WDID09881;Tracey Watkins;11;4;36.36;93;6
WDID10255;Matthew Miller;11;4;36.36;99;5
WDID10062;Audrey Lopez;11;4;36.36;133;5
WDID10487;Jack Williams;11;4;36.36;94;4
WDID10246;Samantha Burns;11;4;36.36;143;5
WDID10063;John Martinez;11;4;36.36;122;5
WDID10471;Amanda Malone;11;4;36.36;99;4
WDID10247;Sandra Ochoa;11;4;36.36;105;5
WDID10446;Theresa Fields;11;4;36.36;97;5
WDID10086;Matthew Brooks;11;4;36.36;117;5
WDID10357;Michelle Owen;11;4;36.36;133;5
WDID10496;Keith Coffey;11;4;36.36;104;4
WDID10464;Paul Leach;11;4;36.36;134;4
WDID10500;William Lee;11;4;36.36;107;4
WDID10248;Victoria Adams;11;4;36.36;121;5
WDID10521;Gabriel Fox;11;4;36.36;145;4
WDID10440;Sarah Mitchell;11;4;36.36;82;5
WDID10079;Brittany Kelly;11;4;36.36;75;5
WDID10316;Jasmine Higgins;11;4;36.36;107;5
WDID10545;Dr. Daniel Harris MD;11;4;36.36;94;4
WDID10088;Anne Mckee;11;4;36.36;115;5
WDID10310;Teresa Trujillo;11;4;36.36;125;5
WDID10507;Mark James;11;4;36.36;112;4
WDID10220;Crystal Harris;11;4;36.36;100;5
WDID10249;Michael Martin;11;4;36.36;104;5
WDID10224;Anthony Mitchell;11;4;36.36;112;5
WDID09886;Jasmine Perez;11;4;36.36;85;6
WDID10093;Justin Gregory;11;4;36.36;113;5
WDID10536;Scott Wallace;11;4;36.36;107;4
WDID10094;Eric Bennett;11;4;36.36;96;5
WDID10418;Kelsey Mitchell;11;4;36.36;120;5
WDID10095;Billy Daniels;11;4;36.36;96;5
WDID10061;Ashley Peterson;11;4;36.36;120;5
WDID09882;Angela Young;11;4;36.36;92;6
WDID10254;Sylvia Reed;11;4;36.36;115;5
WDID10506;Timothy Brown;11;4;36.36;114;4
WDID10390;Maria Spears;11;4;36.36;96;5
WDID10075;Sandra Howard;11;4;36.36;97;5
WDID10060;Jody Patel;11;4;36.36;102;5
WDID10415;Jerry Lamb;11;4;36.36;126;5
WDID10696;David Taylor;10;3;30.0;121;3
WDID10717;Grant Mitchell;10;3;30.0;112;3
WDID10723;Denise Martin;10;3;30.0;111;3
WDID10697;Corey Wood;10;3;30.0;94;3
WDID10698;Willie Wilson;10;3;30.0;101;3
WDID10735;Mr. Robert Kelly;10;3;30.0;89;3
WDID10691;Amber Davis;10;3;30.0;82;3
WDID10693;Chad Hill;10;3;30.0;98;3
WDID10703;Katie Maldonado;10;3;30.0;66;3
WDID10742;Elizabeth Jones;10;3;30.0;100;3
WDID10712;Michaela Davies;10;3;30.0;134;3
WDID10714;Yvonne Morris;10;3;30.0;121;3
WDID10729;Richard Powell;10;3;30.0;91;3
WDID10744;Molly Cole;10;3;30.0;104;3
WDID10721;Michael Rose;10;3;30.0;99;3
WDID10728;Alan Johnson;10;3;30.0;98;3
WDID10740;Ronald Doyle;10;3;30.0;83;3
WDID10709;Stacey Cross;10;3;30.0;109;3
WDID10725;Jeremy Jenkins;10;3;30.0;62;3
WDID10705;Jeffrey Perez;10;3;30.0;140;3
WDID10726;Lindsey Johnson;10;3;30.0;100;3
WDID10738;Kelly Robbins;10;3;30.0;87;3
WDID10732;Molly Stone;10;3;30.0;103;3
WDID10741;Brandon Bush;10;3;30.0;116;3
WDID10731;Zachary Walker;10;3;30.0;79;3
WDID10713;Joseph Martinez;10;3;30.0;147;3
WDID10722;Michelle Campbell;10;3;30.0;100;3
WDID10711;Jeffrey Porter;10;3;30.0;115;3
WDID10704;Michelle Chaney;10;3;30.0;89;3
WDID10701;Ryan Shaw Jr.;10;3;30.0;116;3
WDID10706;Sarah Moon;10;3;30.0;102;3
WDID10720;Julia Bell;10;3;30.0;110;3
WDID10737;Jessica Murray;10;3;30.0;112;3
WDID10727;Brian Duran;10;3;30.0;105;3
WDID10690;Samantha Gonzalez;10;3;30.0;96;3
WDID10718;Dustin Ortiz;10;3;30.0;128;3
WDID10708;Kimberly Lopez;10;3;30.0;141;3
WDID10702;Sarah Anderson;10;3;30.0;87;3
WDID10692;Melvin Holder;10;3;30.0;116;3
WDID10736;Casey Wood;10;3;30.0;124;3
WDID10733;Carla Ramirez;10;3;30.0;82;3
WDID10710;Jared Hendrix;10;3;30.0;99;3
WDID10700;Brittney Lawson;10;3;30.0;92;3
WDID10743;Andrew Crawford;10;3;30.0;80;3
WDID10694;Jennifer Medina;10;3;30.0;83;3
WDID10716;Jose Campbell;10;3;30.0;105;3
WDID10699;Joseph Nichols;10;3;30.0;136;3
WDID10734;Michael Zimmerman;10;3;30.0;116;3
WDID10707;Diana May;10;3;30.0;111;3
WDID10724;Dr. Sarah Harrison MD;10;3;30.0;103;3
WDID10739;Devin King;10;3;30.0;100;3
WDID10730;Kevin Gilmore;10;3;30.0;90;3
WDID10715;Jason Watson;10;3;30.0;97;3
WDID10695;Elizabeth Williams;10;3;30.0;81;3
WDID10719;Elizabeth Cardenas;10;3;30.0;71;3
WDID10641;Chelsey Willis;11;3;27.27;128;3
WDID10559;Thomas White;11;3;27.27;102;3
WDID10548;Chase Ball;11;3;27.27;122;3
WDID10571;Thomas Greene;11;3;27.27;109;3
WDID10551;Danielle Campos;11;3;27.27;107;3
WDID10596;Victoria Hawkins;11;3;27.27;130;3
WDID10678;Scott Martin;11;3;27.27;134;3
WDID10579;Amanda Lin;11;3;27.27;95;3
WDID10600;Sheri Hamilton;11;3;27.27;113;3
WDID10576;Raymond Cherry Jr.;11;3;27.27;69;3
WDID10604;Keith Mayer;11;3;27.27;133;3
WDID10672;Terry Walker;11;3;27.27;132;3
WDID10593;Christina Hart;11;3;27.27;99;3
WDID10565;Jeffrey Moreno;11;3;27.27;125;3
WDID10583;Heather Preston MD;11;3;27.27;98;3
WDID10609;Lisa Garcia;11;3;27.27;130;3
WDID10598;Christina Cruz;11;3;27.27;103;3
WDID10620;Samantha Graham;11;3;27.27;102;3
WDID10639;Jennifer Martin;11;3;27.27;114;3
WDID10554;Sharon Myers;11;3;27.27;99;3
WDID10655;Mr. Eric Scott MD;11;3;27.27;140;3
WDID10645;William Brown;11;3;27.27;83;3
WDID10552;Ashley Coleman;11;3;27.27;87;3
WDID10689;Daniel Sanders;11;3;27.27;117;3
WDID10573;Angela Wright;11;3;27.27;113;3
WDID10614;Vanessa Burke;11;3;27.27;114;3
WDID10677;Cynthia Moreno;11;3;27.27;120;3
WDID10577;Ruth Diaz;11;3;27.27;103;3
WDID10630;Jennifer Collins;11;3;27.27;110;3
WDID10622;Daniel Newman;11;3;27.27;97;3
WDID10557;Jesse Hardy;11;3;27.27;102;3
WDID10681;Lawrence Guzman;11;3;27.27;148;3
WDID10619;Nina Lowe;11;3;27.27;102;3
WDID10581;Cheyenne Randolph;11;3;27.27;133;3
WDID10635;John Hutchinson;11;3;27.27;130;3
WDID10568;Christine Callahan;11;3;27.27;135;3
WDID10656;Laura Casey;11;3;27.27;105;3
WDID10638;Robert Tapia;11;3;27.27;89;3
WDID10594;Steven Carson;11;3;27.27;106;3
WDID10653;Sharon Hanson;11;3;27.27;123;3
WDID10640;Tara Russell;11;3;27.27;125;3
WDID10636;Lauren Obrien;11;3;27.27;102;3
WDID10654;Chris Ryan;11;3;27.27;95;3
WDID10683;Rebecca Woods;11;3;27.27;81;3
WDID10631;Lori Thomas;11;3;27.27;115;3
WDID10673;Jasmine Nash;11;3;27.27;88;3
WDID10626;Michael Wise;11;3;27.27;104;3
WDID10595;Shane Dalton;11;3;27.27;118;3
WDID10676;Emily Hubbard;11;3;27.27;123;3
WDID10625;Oscar Edwards;11;3;27.27;93;3
WDID10547;Laura Coleman;11;3;27.27;123;3
WDID10572;Scott Brown;11;3;27.27;101;3
WDID10574;Kenneth Clark;11;3;27.27;125;3
WDID10585;Stephanie Gutierrez;11;3;27.27;89;3
WDID10610;Katie Rivera;11;3;27.27;104;3
WDID10603;Amanda Coleman;11;3;27.27;82;3
WDID10567;Angel Meyer;11;3;27.27;113;3
WDID10642;Kathleen Aguilar;11;3;27.27;121;3
WDID10675;Kelsey Garcia;11;3;27.27;81;3
WDID10667;Christopher Burns;11;3;27.27;106;3
WDID10665;Teresa Jefferson;11;3;27.27;108;3
WDID10558;Stacy Booth;11;3;27.27;105;3
WDID10643;Tiffany Frost;11;3;27.27;102;3
WDID10570;Cynthia Barnes;11;3;27.27;135;3
WDID10550;Andrew Stone;11;3;27.27;99;3
WDID10566;Danielle Castillo;11;3;27.27;90;3
WDID10687;Cynthia Meyer;11;3;27.27;107;3
WDID10674;James Johnson;11;3;27.27;116;3
WDID10617;Jennifer Rodriguez;11;3;27.27;84;3
WDID10597;Stephen Krueger;11;3;27.27;111;3
WDID10553;Alisha Lopez;11;3;27.27;128;3
WDID10563;Thomas Powell;11;3;27.27;146;3
WDID10627;Jeremy Ramos;11;3;27.27;101;3
WDID10666;Tyrone Wall;11;3;27.27;120;3
WDID10637;Gerald Salazar;11;3;27.27;136;3
WDID10657;Jessica French;11;3;27.27;123;3
WDID10660;Katrina Baker;11;3;27.27;77;3
WDID10562;Nicolas Humphrey;11;3;27.27;78;3
WDID10685;Nicole Barker;11;3;27.27;123;3
WDID10605;Eileen Williams;11;3;27.27;133;3
WDID10560;Justin Randall;11;3;27.27;117;3
WDID10586;Jeanette Lewis;11;3;27.27;141;3
WDID10569;Alexandra Jones;11;3;27.27;110;3
WDID10669;Richard Carr;11;3;27.27;56;3
WDID10606;Miguel Mathews;11;3;27.27;74;3
WDID10658;Charles Flowers;11;3;27.27;90;3
WDID10575;Stacy Garcia;11;3;27.27;112;3
WDID10628;Barry Rodriguez;11;3;27.27;105;3
WDID10608;Mrs. Kelsey Young MD;11;3;27.27;129;3
WDID10659;Nathan Cox;11;3;27.27;99;3
WDID10652;Maureen Brady;11;3;27.27;104;3
WDID10661;Anthony Ingram;11;3;27.27;117;3
WDID10680;Stacy Vaughn;11;3;27.27;104;3
WDID10679;Ian Hill;11;3;27.27;125;3
WDID10611;Christopher Garcia;11;3;27.27;103;3
WDID10618;Amanda Lopez;11;3;27.27;95;3
WDID10621;Jose Garcia;11;3;27.27;119;3
WDID10588;Angela Hicks;11;3;27.27;112;3
WDID10582;Kim Cross;11;3;27.27;104;3
WDID10632;Derek Mccullough;11;3;27.27;121;3
WDID10615;Lawrence Davis;11;3;27.27;97;3
WDID10590;Eric Martin;11;3;27.27;93;3
WDID10649;Danny Owens;11;3;27.27;100;3
WDID10634;Kevin Castillo DDS;11;3;27.27;124;3
WDID10613;Jennifer Miller;11;3;27.27;127;3
WDID10599;Seth Molina;11;3;27.27;127;3
WDID10686;Tony Wright;11;3;27.27;125;3
WDID10646;Lisa Grant;11;3;27.27;134;3
WDID10546;Crystal Bryant;11;3;27.27;85;3
WDID10580;Rhonda Johnson;11;3;27.27;96;3
WDID10682;Andrea Bryant;11;3;27.27;83;3
WDID10662;Sean Reyes;11;3;27.27;132;3
WDID10564;Steven Cooper;11;3;27.27;130;3
WDID10584;Joshua Sanchez;11;3;27.27;96;3
WDID10647;Richard Davis;11;3;27.27;82;3
WDID10644;Maria Cohen;11;3;27.27;99;3
WDID10648;Denise Allison;11;3;27.27;93;3
WDID10602;Michael Campbell;11;3;27.27;148;3
WDID10623;Jeremy Allen;11;3;27.27;126;3
WDID10591;Jeffrey Hunter;11;3;27.27;127;3
WDID10671;Justin Villa;11;3;27.27;109;3
WDID10663;Justin Smith;11;3;27.27;102;3
WDID10684;Cody Baker;11;3;27.27;82;3
WDID10556;Donna Massey;11;3;27.27;145;3
WDID10561;Monique Bentley;11;3;27.27;115;3
WDID10587;Nicole Sullivan;11;3;27.27;98;3
WDID10688;Crystal Sanders;11;3;27.27;109;3
WDID10651;Seth Smith;11;3;27.27;122;3
WDID10616;Matthew Ross;11;3;27.27;113;3
WDID10589;Kimberly Munoz;11;3;27.27;128;3
WDID10624;Carrie Savage;11;3;27.27;100;3
WDID10607;Dana Henderson;11;3;27.27;92;3
WDID10555;Hannah Soto;11;3;27.27;117;3
WDID10601;John Miller;11;3;27.27;114;3
WDID10629;Morgan Preston;11;3;27.27;100;3
WDID10633;Bonnie Petty;11;3;27.27;132;3
WDID10549;Alfred Cardenas;11;3;27.27;74;3
WDID10650;Shannon Galloway;11;3;27.27;121;3
WDID10612;Teresa Hernandez;11;3;27.27;117;3
WDID10670;Molly Valdez;11;3;27.27;114;3
WDID10664;Brandon Schmidt;11;3;27.27;99;3
WDID10668;Jennifer Miller;11;3;27.27;113;3
WDID10578;Jeremy Cox MD;11;3;27.27;125;3
WDID10592;Michael Andrade;11;3;27.27;98;3
WDID10382;Brandon Garza;7;0;0.0;71;0
WDID11031;Paul Carrillo;6;0;0.0;75;0
WDID11086;Eric Smith;6;0;0.0;63;0
WDID10923;Wendy Morris;6;0;0.0;55;0
WDID10905;Janice Wilkerson;6;0;0.0;59;0
WDID10132;Isaac Lewis;7;0;0.0;86;0
WDID10461;Hector Davis;7;0;0.0;83;0
WDID10015;Mercedes Quinn;7;0;0.0;60;0
WDID10935;Brian Park;6;0;0.0;72;0
WDID11063;Kathryn Hall;6;0;0.0;55;0
WDID10913;Amanda Barnes;6;0;0.0;37;0
WDID10347;Jennifer Drake;7;0;0.0;93;0
WDID10399;Cathy Sanders;7;0;0.0;44;0
WDID10363;Karen Warner;7;0;0.0;63;0
WDID11004;Anthony Garner;6;0;0.0;72;0
WDID10901;Terri Hansen DDS;6;0;0.0;61;0
WDID10872;Ivan Adams;6;0;0.0;90;0
WDID09955;Taylor Gray;7;0;0.0;53;0
WDID10964;Martha Patel;6;0;0.0;52;0
WDID10107;Julia Anderson;7;0;0.0;57;0
WDID10932;Juan Booker;6;0;0.0;80;0
WDID10006;Wanda Harmon;7;0;0.0;86;0
WDID11106;Tyler Moyer;6;0;0.0;52;0
WDID10239;Rachel Miller;7;0;0.0;34;0
WDID10102;Brian Kelley;7;0;0.0;85;0
WDID10908;John Johnson;6;0;0.0;55;0
WDID10240;Debra Tyler;7;0;0.0;57;0
WDID11043;Timothy Taylor;6;0;0.0;63;0
WDID10307;Russell Lewis;7;0;0.0;46;0
WDID09899;Stephen Patton;7;0;0.0;51;0
WDID10941;Selena Gomez;6;0;0.0;58;0
WDID10141;Christine Bauer;7;0;0.0;56;0
WDID10782;Aaron Rogers;6;0;0.0;51;0
WDID10433;Mark Mathews;7;0;0.0;79;0
WDID10190;Kara Hall;7;0;0.0;64;0
WDID10435;Mark Allen;7;0;0.0;40;0
WDID10235;Michelle Rojas;7;0;0.0;71;0
WDID11087;Juan Cox;6;0;0.0;77;0
WDID09953;Jamie Torres;7;0;0.0;50;0
WDID10957;Sarah Mcmillan;6;0;0.0;89;0
WDID10001;Thomas Terry;7;0;0.0;77;0
WDID11116;Heather Rogers;6;0;0.0;70;0
WDID09921;Charles Hernandez;7;0;0.0;76;0
WDID10301;Steven Harris;7;0;0.0;56;0
WDID11113;Dawn Torres;6;0;0.0;40;0
WDID09945;Carly Garrett;7;0;0.0;97;0
WDID10457;Paul Delgado;7;0;0.0;70;0
WDID09990;Clayton Jones;7;0;0.0;40;0
WDID10044;Madison Norman;7;0;0.0;73;0
WDID10930;James Kane;6;0;0.0;33;0
WDID11100;Brett Young;6;0;0.0;61;0
WDID10980;Destiny Gonzalez;6;0;0.0;79;0
WDID09906;Michael Willis;7;0;0.0;76;0
WDID10975;Angela Brown;6;0;0.0;62;0
WDID09900;Melissa Mcbride;7;0;0.0;75;0
WDID10822;Rebecca Rivers;6;0;0.0;49;0
WDID10856;John Hutchinson;6;0;0.0;56;0
WDID09976;Stephanie Camacho;7;0;0.0;87;0
WDID11011;Sherry Gomez;6;0;0.0;81;0
WDID10886;John Garcia;6;0;0.0;59;0
WDID10962;Claudia Sutton;6;0;0.0;55;0
WDID10955;Kim Bishop;6;0;0.0;49;0
WDID10835;Rodney Wallace;6;0;0.0;39;0
WDID10996;Jonathan Wheeler;6;0;0.0;82;0
WDID10017;Robert Reese;7;0;0.0;77;0
WDID10978;Adam Hansen;6;0;0.0;53;0
WDID10781;Amanda Moss;6;0;0.0;65;0
WDID10149;Betty Smith;7;0;0.0;92;0
WDID09975;Corey Morales;7;0;0.0;75;0
WDID09980;Erin Lawrence;7;0;0.0;69;0
WDID10109;Melissa Davidson;7;0;0.0;40;0
WDID10276;Perry Silva;7;0;0.0;96;0
WDID10174;Kelly Bray;7;0;0.0;70;0
WDID10328;Dennis Forbes;7;0;0.0;74;0
WDID11037;Mary Bartlett;6;0;0.0;72;0
WDID10277;Sarah Ferguson;7;0;0.0;94;0
WDID09989;Cheryl Lee;7;0;0.0;71;0
WDID10140;Donald Stuart;7;0;0.0;75;0
WDID10370;Ann Allen;7;0;0.0;63;0
WDID10113;Calvin Osborne;7;0;0.0;71;0
WDID10761;Jaime Griffith;6;0;0.0;60;0
WDID10119;Mary Wood;7;0;0.0;58;0
WDID10982;Stephanie Stephens DDS;6;0;0.0;71;0
WDID10825;Ricky Hodge;6;0;0.0;54;0
WDID10039;Michelle Hunter;7;0;0.0;44;0
WDID11093;Brian Turner;6;0;0.0;55;0
WDID10960;Deborah Davis;6;0;0.0;67;0
WDID10166;Paul Diaz;7;0;0.0;49;0
WDID10016;Vanessa Park;7;0;0.0;79;0
WDID10343;Jose Williams;7;0;0.0;76;0
WDID11110;Jackie Nelson;6;0;0.0;76;0
WDID10108;Nicole Allen;7;0;0.0;58;0
WDID10126;Cindy Rivera;7;0;0.0;71;0
WDID10763;Oscar Davis;6;0;0.0;45;0
WDID11102;Jennifer Dean;6;0;0.0;41;0
WDID10032;Jennifer Johnson;7;0;0.0;77;0
WDID11017;Debbie Lewis;6;0;0.0;62;0
WDID10229;Jason Hoover;7;0;0.0;44;0
WDID10408;Shawn Short;7;0;0.0;78;0
WDID10379;Cathy Bailey;7;0;0.0;68;0
WDID10970;Russell Byrd;6;0;0.0;47;0
WDID11051;Denise Johnson;6;0;0.0;74;0
WDID10128;Lindsay Smith;7;0;0.0;93;0
WDID09917;Jennifer Zimmerman;7;0;0.0;68;0
WDID09916;Paul Lam;7;0;0.0;46;0
WDID11053;Cynthia Bowen;6;0;0.0;38;0
WDID10875;James King;6;0;0.0;50;0
WDID10847;Alyssa Bradford;6;0;0.0;62;0
WDID10291;Rachel Bautista;7;0;0.0;57;0
WDID10333;Jose Solomon;7;0;0.0;87;0
WDID10111;Jonathan Hansen;7;0;0.0;91;0
WDID10828;Jason Willis;6;0;0.0;67;0
WDID10912;Michael Coleman;6;0;0.0;64;0
WDID10106;Justin Young;7;0;0.0;59;0
WDID10033;Walter Miller;7;0;0.0;59;0
WDID10909;Jamie Garcia;6;0;0.0;85;0
WDID10851;Dana Welch;6;0;0.0;73;0
WDID10201;Frank Ruiz;7;0;0.0;80;0
WDID10009;Tiffany Hardy;7;0;0.0;76;0
WDID11026;Stephanie Allen;6;0;0.0;69;0
WDID10011;Christopher Hughes;7;0;0.0;77;0
WDID10958;Mr. Benjamin Murphy;6;0;0.0;65;0
WDID10801;Jamie Jenkins;6;0;0.0;65;0
WDID09987;Breanna Floyd;7;0;0.0;61;0
WDID10120;Jack Pratt;7;0;0.0;90;0
WDID10057;Jennifer Lam;7;0;0.0;62;0
WDID09981;Christopher Peters;7;0;0.0;99;0
WDID10992;Richard Green;6;0;0.0;44;0
WDID10337;Cynthia Mckinney;7;0;0.0;71;0
WDID11000;Shane Davis;6;0;0.0;90;0
WDID10810;Jesus Walters;6;0;0.0;65;0
WDID10993;Olivia Andrews;6;0;0.0;55;0
WDID10870;Debbie Lopez;6;0;0.0;47;0
WDID10362;Courtney Castillo;7;0;0.0;96;0
WDID10934;William Tucker;6;0;0.0;69;0
WDID10294;Elizabeth Cox;7;0;0.0;73;0
WDID10949;Adam Costa;6;0;0.0;48;0
WDID11114;Shannon Leblanc;6;0;0.0;42;0
WDID11067;William Payne;6;0;0.0;66;0
WDID10056;Heather Gibson;7;0;0.0;60;0
WDID10773;Nicholas Nelson;6;0;0.0;68;0
WDID10880;Yolanda Shepard;6;0;0.0;48;0
WDID11047;Nicole Tate;6;0;0.0;81;0
WDID10131;Erica Jackson;7;0;0.0;66;0
WDID10020;Joel Hancock;7;0;0.0;55;0
WDID10380;Donald Gregory;7;0;0.0;64;0
WDID10172;Jennifer Diaz;7;0;0.0;57;0
WDID11080;Jordan Webb;6;0;0.0;75;0
WDID10152;Samantha Carey;7;0;0.0;50;0
WDID10364;Rebecca Robinson;7;0;0.0;104;0
WDID09994;Michele Hawkins;7;0;0.0;71;0
WDID09998;Alexandra Thompson;7;0;0.0;60;0
WDID10187;Lauren Stevens;7;0;0.0;36;0
WDID10287;Amber Murray;7;0;0.0;72;0
WDID10410;Ronald Spencer;7;0;0.0;70;0
WDID09902;Patricia Vance;7;0;0.0;56;0
WDID09991;Jessica Patterson;7;0;0.0;47;0
WDID09943;Shannon Preston;7;0;0.0;96;0
WDID10850;Jennifer Herrera;6;0;0.0;61;0
WDID10910;Nicole Jenkins;6;0;0.0;64;0
WDID10412;Jeremy Phillips;7;0;0.0;69;0
WDID10010;Eric Mcdonald;7;0;0.0;59;0
WDID10937;Roy Frost;6;0;0.0;79;0
WDID09960;Christopher West;7;0;0.0;54;0
WDID10052;Jeremiah Carroll;7;0;0.0;63;0
WDID10794;James Shepherd;6;0;0.0;86;0
WDID10300;Elizabeth Rivera;7;0;0.0;94;0
WDID09907;Brandy Pittman;7;0;0.0;53;0
WDID10278;Veronica Conley;7;0;0.0;61;0
WDID09974;Jillian Morales;7;0;0.0;79;0
WDID10963;Michael Martin;6;0;0.0;69;0
WDID10889;Jake Rodriguez;6;0;0.0;72;0
WDID10755;Devon Rogers;6;0;0.0;63;0
WDID09901;Cassandra Nguyen;7;0;0.0;48;0
WDID10396;Jennifer Murray;7;0;0.0;78;0
WDID09970;Bryce Estrada;7;0;0.0;77;0
WDID10818;Brooke Garcia;6;0;0.0;52;0
WDID11005;Joel Austin;6;0;0.0;56;0
WDID09939;Brian Douglas;7;0;0.0;74;0
WDID10395;Jesse Morales DVM;7;0;0.0;73;0
WDID10986;Travis Taylor;6;0;0.0;52;0
WDID09988;Denise Thompson;7;0;0.0;73;0
WDID10157;Leonard Nelson;7;0;0.0;74;0
WDID11065;Marisa Cherry;6;0;0.0;82;0
WDID10121;Andrew Gibson;7;0;0.0;71;0
WDID10340;Jennifer Chen;7;0;0.0;64;0
WDID10049;Paula Gray;7;0;0.0;70;0
WDID10048;Janice Ramos;7;0;0.0;58;0
WDID10439;Faith Martin;7;0;0.0;84;0
WDID10873;Alexander Diaz;6;0;0.0;38;0
WDID10243;Sandra Shannon;7;0;0.0;63;0
WDID10383;Douglas Young;7;0;0.0;99;0
WDID10012;Stacy Compton;7;0;0.0;78;0
WDID10007;Andrew Robertson;7;0;0.0;74;0
WDID10411;Mark Trevino;7;0;0.0;58;0
WDID10947;Caitlin White;6;0;0.0;46;0
WDID11079;Brandon Kline;6;0;0.0;47;0
WDID10907;Lawrence Barnett;6;0;0.0;59;0
WDID10764;Cassandra Jones;6;0;0.0;64;0
WDID09909;John Walker;7;0;0.0;68;0
WDID10933;Alexis Martin;6;0;0.0;73;0
WDID11117;Kellie Moore;6;0;0.0;58;0
WDID10959;William Woodard;6;0;0.0;75;0
WDID10112;Alec Nichols;7;0;0.0;79;0
WDID11032;Willie Hansen;6;0;0.0;83;0
WDID11041;Lawrence Robertson;6;0;0.0;38;0
WDID09920;William Brown;7;0;0.0;78;0
WDID10198;Samuel Walton;7;0;0.0;66;0
WDID10772;Richard Martin;6;0;0.0;63;0
WDID10138;Rhonda Keller;7;0;0.0;60;0
WDID11025;Brett Ryan;6;0;0.0;60;0
WDID10971;Chris Schmitt;6;0;0.0;79;0
WDID09872;Tonya Chung;7;0;0.0;104;0
WDID10939;Ann Brown;6;0;0.0;50;0
WDID09971;Christine Dennis;7;0;0.0;76;0
WDID10881;Sarah Whitney;6;0;0.0;83;0
WDID10891;Kelly Myers;6;0;0.0;63;0
WDID10193;Shawn Riley;7;0;0.0;67;0
WDID10749;Jason Henry;6;0;0.0;47;0
WDID10173;Keith Perez;7;0;0.0;62;0
WDID10368;Brenda Palmer;7;0;0.0;42;0
WDID09929;Kimberly Hall;7;0;0.0;78;0
WDID10403;Nathaniel Villa;7;0;0.0;51;0
WDID10942;Glenn Lawrence;6;0;0.0;56;0
WDID10940;Thomas Reynolds;6;0;0.0;61;0
WDID10159;Monique Jackson;7;0;0.0;70;0
WDID09967;Joshua Campbell;7;0;0.0;99;0
WDID10134;Jake Patterson;7;0;0.0;66;0
WDID10365;Carl Blair;7;0;0.0;65;0
WDID09913;Tricia Larsen;7;0;0.0;79;0
WDID10139;Kelly Hughes DDS;7;0;0.0;63;0
WDID10260;Eric Morse;7;0;0.0;57;0
WDID10864;James Greene;6;0;0.0;65;0
WDID10002;Lindsey Gonzales;7;0;0.0;93;0
WDID09992;Joseph Turner;7;0;0.0;78;0
WDID10237;Alicia Day;7;0;0.0;54;0
WDID10845;Joanna Black;6;0;0.0;74;0
WDID10806;Lisa Sutton;6;0;0.0;54;0
WDID09919;John Rodriguez;7;0;0.0;68;0
WDID10242;Rebekah Campbell;7;0;0.0;80;0
WDID10946;Katie Chavez;6;0;0.0;58;0
WDID11018;Elaine Bowers;6;0;0.0;67;0
WDID11014;Jimmy Ray;6;0;0.0;59;0
WDID10791;James Duncan;6;0;0.0;24;0
WDID10117;Brian Bennett;7;0;0.0;89;0
WDID09983;Lisa Miller;7;0;0.0;59;0
WDID11058;Lee Garza;6;0;0.0;46;0
WDID10191;Heather Robinson;7;0;0.0;92;0
WDID10288;James Moran;7;0;0.0;88;0
WDID09914;Julie Rosales;7;0;0.0;71;0
WDID10037;Amanda Ferguson;7;0;0.0;69;0
WDID10211;Katelyn Walker;7;0;0.0;67;0
WDID10745;Megan Mccormick;6;0;0.0;76;0
WDID10274;Ryan Hill;7;0;0.0;53;0
WDID09968;Antonio Washington;7;0;0.0;73;0
WDID10892;Gary Wagner;6;0;0.0;58;0
WDID10428;Erika Cook;7;0;0.0;62;0
WDID10151;Adam Brown;7;0;0.0;84;0
WDID10339;Daniel Wolf;7;0;0.0;52;0
WDID11101;Angela Moreno;6;0;0.0;38;0
WDID10021;Terry Stewart;7;0;0.0;75;0
WDID09910;Oscar Roman;7;0;0.0;65;0
WDID10038;Jonathan Torres;7;0;0.0;72;0
WDID10952;Charles Myers;6;0;0.0;42;0
WDID10351;Matthew Davis;7;0;0.0;45;0
WDID10244;David Cisneros;7;0;0.0;84;0
WDID10984;Ashley Brown;6;0;0.0;31;0
WDID10775;William Tucker;6;0;0.0;56;0
WDID10922;Ian Johnson;6;0;0.0;65;0
WDID10266;Laurie Cameron;7;0;0.0;55;0
WDID11033;Andrew Brown;6;0;0.0;57;0
WDID10182;Jeremy Owens;7;0;0.0;49;0
WDID11118;Billy Moore;6;0;0.0;56;0
WDID10454;Sean Sheppard;7;0;0.0;64;0
WDID11048;Crystal Rodriguez;6;0;0.0;55;0
WDID10833;Laura Murillo;6;0;0.0;46;0
WDID10921;Sandra Frazier;6;0;0.0;58;0
WDID09928;Kimberly Johnson;7;0;0.0;90;0
WDID10969;Annette Williams;6;0;0.0;43;0
WDID10844;Patricia Jordan;6;0;0.0;41;0
WDID09930;Nicholas Johnson;7;0;0.0;92;0
WDID11076;Breanna Tucker;6;0;0.0;65;0
WDID10944;Sheila Smith;6;0;0.0;49;0
WDID10384;Lisa Jackson;7;0;0.0;71;0
WDID09952;Matthew Coleman;7;0;0.0;73;0
WDID11104;Dr. Adam Freeman;6;0;0.0;39;0
WDID10778;Omar Robinson;6;0;0.0;52;0
WDID10105;Laura Bradley;7;0;0.0;57;0
WDID11096;Valerie Love;6;0;0.0;70;0
WDID09977;Troy Garcia;7;0;0.0;102;0
WDID10349;David Drake;7;0;0.0;96;0
WDID10275;Eric Koch;7;0;0.0;74;0
WDID10897;Lucas Buck;6;0;0.0;70;0
WDID11092;George Sims;6;0;0.0;69;0
WDID10784;Deborah Stark;6;0;0.0;61;0
WDID10303;Mary Gutierrez;7;0;0.0;77;0
WDID10019;Lisa Swanson;7;0;0.0;72;0
WDID10789;Amy Miller;6;0;0.0;35;0
WDID10951;Calvin Cohen;6;0;0.0;62;0
WDID10786;Christopher Richardson;6;0;0.0;64;0
WDID09969;Andrew Mcfarland;7;0;0.0;82;0
WDID10004;Katherine Estes;7;0;0.0;71;0
WDID10264;Brian Adams;7;0;0.0;73;0
WDID11060;Alyssa Pollard;6;0;0.0;65;0
WDID10262;Alyssa Higgins;7;0;0.0;82;0
WDID10189;Brenda Cooper;7;0;0.0;62;0
WDID09999;Richard Johnson;7;0;0.0;69;0
WDID10142;Shawn Young;7;0;0.0;63;0
WDID10144;Laura Smith;7;0;0.0;57;0
WDID10353;Mr. Michael Brown;7;0;0.0;47;0
WDID10841;Justin Villanueva;6;0;0.0;64;0
WDID10899;Alexander Lindsey;6;0;0.0;55;0
WDID11030;Gabriel Odom;6;0;0.0;65;0
WDID10336;Kevin Anderson;7;0;0.0;65;0
WDID10283;Mark Mason;7;0;0.0;70;0
WDID10792;Ronald Hernandez;6;0;0.0;50;0
WDID10895;Lauren Turner;6;0;0.0;55;0
WDID10998;Darrell Chambers;6;0;0.0;74;0
WDID10030;Troy Cowan;7;0;0.0;63;0
WDID10289;Darrell Mcmillan;7;0;0.0;61;0
WDID10965;Kim Farmer;6;0;0.0;52;0
WDID11094;Jesse Fernandez;6;0;0.0;53;0
WDID11039;Janet Griffin;6;0;0.0;50;0
WDID11049;Timothy Cook MD;6;0;0.0;55;0
WDID10202;Rebecca Peterson;7;0;0.0;75;0
WDID11012;Kimberly Rios;6;0;0.0;49;0
WDID10999;David Miller;6;0;0.0;36;0
WDID11062;George Martinez;6;0;0.0;49;0
WDID10459;Brianna Diaz;7;0;0.0;64;0
WDID10204;Katie Shields;7;0;0.0;73;0
WDID10812;Erin Davis;6;0;0.0;60;0
WDID10431;Billy Adams;7;0;0.0;64;0
WDID11073;Craig Brown;6;0;0.0;51;0
WDID11059;Shawn Cook;6;0;0.0;34;0
WDID10298;Stephanie Archer;7;0;0.0;55;0
WDID10018;Jennifer Weaver;7;0;0.0;95;0
WDID10976;Rachel Smith;6;0;0.0;59;0
WDID11034;Mark Soto;6;0;0.0;46;0
WDID10122;Derrick Russell;7;0;0.0;60;0
WDID10053;Mark Ortiz;7;0;0.0;73;0
WDID11069;Anthony King;6;0;0.0;58;0
WDID09961;Victor Bennett;7;0;0.0;96;0
WDID10197;Jacob Soto;7;0;0.0;58;0
WDID11107;Michael Miller;6;0;0.0;77;0
WDID10862;Brooke Miranda;6;0;0.0;63;0
WDID11050;Thomas Simmons;6;0;0.0;63;0
WDID10192;Michelle Griffin;7;0;0.0;84;0
WDID10925;Mr. Keith Chambers;6;0;0.0;44;0
WDID10821;Victoria Bowen;6;0;0.0;34;0
WDID10430;Mary Hall;7;0;0.0;54;0
WDID09982;Kimberly Cannon;7;0;0.0;65;0
WDID10118;Donna Kelly;7;0;0.0;77;0
WDID10918;Matthew Benton;6;0;0.0;58;0
WDID10263;Dr. Matthew Hines;7;0;0.0;67;0
WDID10877;Thomas Cook;6;0;0.0;72;0
WDID10292;Jerry Kirk;7;0;0.0;79;0
WDID10163;George Padilla;7;0;0.0;69;0
WDID11007;Gary Mccullough;6;0;0.0;60;0
WDID10896;Jennifer Finley;6;0;0.0;32;0
WDID10114;Amy Neal;7;0;0.0;74;0
WDID10394;Jamie Ramirez;7;0;0.0;54;0
WDID09922;Jacob Li;7;0;0.0;58;0
WDID10214;Kelly Benjamin;7;0;0.0;76;0
WDID09935;Cody Chavez;7;0;0.0;52;0
WDID10808;Tiffany Hamilton;6;0;0.0;59;0
WDID10162;Rebecca Myers;7;0;0.0;85;0
WDID10973;Kimberly Kennedy;6;0;0.0;75;0
WDID11082;Bobby Murphy;6;0;0.0;80;0
WDID10170;Lisa Frank;7;0;0.0;54;0
WDID10748;Kenneth Lewis;6;0;0.0;69;0
WDID09986;Monica Randall;7;0;0.0;59;0
WDID10047;Donald Gonzalez;7;0;0.0;43;0
WDID10212;Todd Livingston;7;0;0.0;60;0
WDID10917;Tiffany Myers;6;0;0.0;31;0
WDID09978;George Harmon;7;0;0.0;46;0
WDID10823;Cathy Daniel;6;0;0.0;54;0
WDID09932;Luis Baker;7;0;0.0;45;0
WDID10055;Christina Obrien;7;0;0.0;47;0
WDID10161;Rebecca Harmon;7;0;0.0;82;0
WDID10760;Wayne Chan;6;0;0.0;38;0
WDID10771;Nicole Harris;6;0;0.0;43;0
WDID10983;Colleen Villarreal;6;0;0.0;72;0
WDID11021;Caitlin Sanford;6;0;0.0;73;0
WDID10051;Timothy Bradley;7;0;0.0;54;0
WDID11036;Jessica Trevino;6;0;0.0;74;0
WDID10788;Alejandro Smith;6;0;0.0;48;0
WDID10929;Holly Smith;6;0;0.0;74;0
WDID10890;Jeanette Li;6;0;0.0;68;0
WDID11068;Rick Bennett;6;0;0.0;80;0
WDID10279;Caitlin Smith;7;0;0.0;72;0
WDID09972;Anthony Dixon;7;0;0.0;97;0
WDID09898;Judith Howard;7;0;0.0;69;0
WDID10460;Kyle Bishop;7;0;0.0;73;0
WDID10165;Tyler Mason;7;0;0.0;79;0
WDID10914;Brad Yang;6;0;0.0;57;0
WDID10779;Kevin Robinson;6;0;0.0;70;0
WDID10160;John Morris;7;0;0.0;88;0
WDID10838;Emily Ho;6;0;0.0;58;0
WDID10848;Tyler Williams;6;0;0.0;68;0
WDID10348;Phillip Wallace;7;0;0.0;83;0
WDID10800;James Hoover;6;0;0.0;64;0
WDID10360;Alyssa Walker;7;0;0.0;72;0
WDID09948;Deborah Foster;7;0;0.0;102;0
WDID10863;Michael Elliott;6;0;0.0;75;0
WDID10285;Jason Lee;7;0;0.0;92;0
WDID11056;Denise Valdez;6;0;0.0;32;0
WDID10200;Michelle Johnson;7;0;0.0;91;0
WDID10836;Laura Schultz;6;0;0.0;47;0
WDID10871;Tina Green;6;0;0.0;55;0
WDID10194;Emily Gonzales;7;0;0.0;80;0
WDID11097;James Richardson;6;0;0.0;70;0
WDID10861;Brooke Lewis;6;0;0.0;54;0
WDID11054;David Davis;6;0;0.0;41;0
WDID10028;Nicole White;7;0;0.0;82;0
WDID10900;Russell Carter;6;0;0.0;64;0
WDID10034;Robert Howard Jr.;7;0;0.0;90;0
WDID10827;Xavier Hernandez;6;0;0.0;52;0
WDID11013;Gregory Miller;6;0;0.0;41;0
WDID10130;Katie Frey;7;0;0.0;80;0
WDID10177;Samantha Francis;7;0;0.0;66;0
WDID10372;Erin Martinez;7;0;0.0;70;0
WDID10304;Wayne Valenzuela;7;0;0.0;69;0
WDID10452;Lawrence Lewis;7;0;0.0;90;0
WDID09908;Ann Hall;7;0;0.0;58;0
WDID09903;Paul Gomez;7;0;0.0;62;0
WDID09962;Frank Smith;7;0;0.0;47;0
WDID10236;Katherine Howard;7;0;0.0;95;0
WDID10405;Kathleen Manning;7;0;0.0;49;0
WDID09918;Shelby Wilson;7;0;0.0;76;0
WDID09954;Zachary Thornton;7;0;0.0;80;0
WDID10855;Katie Bennett;6;0;0.0;69;0
WDID10022;Benjamin Gibson;7;0;0.0;46;0
WDID09951;Stephanie Mills;7;0;0.0;76;0
WDID10883;Gail Turner;6;0;0.0;63;0
WDID11083;Kenneth Lopez;6;0;0.0;57;0
WDID10013;Gregory Moss;7;0;0.0;81;0
WDID10762;Paul Wells;6;0;0.0;61;0
WDID09912;Michael Delgado;7;0;0.0;68;0
WDID10874;Nathaniel Miller;6;0;0.0;74;0
WDID10234;Melinda Parker;7;0;0.0;79;0
WDID10031;Melinda King;7;0;0.0;61;0
WDID10829;Shannon Thomas;6;0;0.0;63;0
WDID10920;Douglas Combs;6;0;0.0;95;0
WDID10154;Gerald Pollard;7;0;0.0;85;0
WDID10995;David Nielsen;6;0;0.0;55;0
WDID10299;Amber Anderson;7;0;0.0;44;0
WDID11090;Samantha Mcguire;6;0;0.0;52;0
WDID10967;Cody Mitchell;6;0;0.0;68;0
WDID10169;David Durham;7;0;0.0;76;0
WDID10352;David Davis;7;0;0.0;76;0
WDID10397;Shannon Gomez;7;0;0.0;91;0
WDID10846;Jodi Harvey;6;0;0.0;69;0
WDID09942;Richard Williams;7;0;0.0;57;0
WDID10950;Bethany Jones;6;0;0.0;61;0
WDID10230;Nicole Grimes;7;0;0.0;79;0
WDID11084;Jennifer Olsen;6;0;0.0;69;0
WDID10813;Shawn Nguyen;6;0;0.0;60;0
WDID11075;Raymond Martin;6;0;0.0;70;0
WDID10968;Victor Olson;6;0;0.0;72;0
WDID10155;Mr. Thomas Anderson;7;0;0.0;71;0
WDID11040;Taylor Taylor;6;0;0.0;80;0
WDID11002;Brenda Sanchez;6;0;0.0;75;0
WDID09964;Barry Hooper;7;0;0.0;82;0
WDID10796;Bobby Morse MD;6;0;0.0;48;0
WDID10284;Kyle Davis;7;0;0.0;54;0
WDID10988;John Robinson;6;0;0.0;44;0
WDID10859;Richard Carter;6;0;0.0;56;0
WDID09958;Robert Sherman;7;0;0.0;79;0
WDID11061;Susan Murray;6;0;0.0;61;0
WDID10361;Jason Allen;7;0;0.0;67;0
WDID09947;Brianna Austin;7;0;0.0;49;0
WDID10040;Roberta Nelson;7;0;0.0;77;0
WDID10849;Michelle Humphrey;6;0;0.0;84;0
WDID10345;Tina Schneider;7;0;0.0;66;0
WDID11001;Amanda Foster;6;0;0.0;79;0
WDID11015;William Taylor DDS;6;0;0.0;85;0
WDID10385;Miss Gabrielle Gray;7;0;0.0;84;0
WDID10268;Samuel Baker;7;0;0.0;59;0
WDID10793;Linda Yates;6;0;0.0;67;0
WDID10927;Nicole Dunn;6;0;0.0;41;0
WDID11095;Monica Reynolds;6;0;0.0;50;0
WDID10145;James Green;7;0;0.0;80;0
WDID10005;Jeremy Allen;7;0;0.0;97;0
WDID10766;Heather Welch;6;0;0.0;87;0
WDID10196;Brian Anderson;7;0;0.0;54;0
WDID10945;Walter Hunt;6;0;0.0;69;0
WDID10451;Charles Tate;7;0;0.0;60;0
WDID10282;Brittany Morgan;7;0;0.0;77;0
WDID10305;Charles Fields;7;0;0.0;67;0
WDID10854;Anthony Garza;6;0;0.0;60;0
WDID11077;David Reyes;6;0;0.0;36;0
WDID10286;Jasmine Smith;7;0;0.0;54;0
WDID10824;Marcus Hamilton;6;0;0.0;44;0
WDID09993;Todd Garcia;7;0;0.0;58;0
WDID10153;Samuel Glover;7;0;0.0;75;0
WDID09985;Kathryn Tran;7;0;0.0;77;0
WDID10137;Martha Anderson;7;0;0.0;94;0
WDID10815;Erica Schultz;6;0;0.0;69;0
WDID10374;Jeffery Long;7;0;0.0;38;0
WDID10127;Alan Hess;7;0;0.0;61;0
WDID10924;Tammy Hunt;6;0;0.0;46;0
WDID10281;Seth Martinez;7;0;0.0;77;0
WDID10335;William Alexander;7;0;0.0;106;0
WDID09956;Emily Strickland;7;0;0.0;66;0
WDID10456;Lori Carroll;7;0;0.0;72;0
WDID10979;Ronald Gibson;6;0;0.0;46;0
WDID11091;Elizabeth Garcia;6;0;0.0;87;0
WDID10754;Johnny Mcmahon;6;0;0.0;79;0
WDID10133;Carl Mcguire;7;0;0.0;63;0
WDID10903;John Collins;6;0;0.0;62;0
WDID10110;Michael Poole;7;0;0.0;92;0
WDID11022;Christian Davis;6;0;0.0;69;0
WDID10438;Robert Richard;7;0;0.0;67;0
WDID10974;Rebecca Smith;6;0;0.0;64;0
WDID11085;Carmen Hamilton;6;0;0.0;36;0
WDID10332;Brittney King MD;7;0;0.0;54;0
WDID10104;David Nguyen;7;0;0.0;80;0
WDID09941;Kimberly Holden;7;0;0.0;86;0
WDID10270;Katherine Lowe;7;0;0.0;77;0
WDID09938;Thomas Mcfarland;7;0;0.0;93;0
WDID09904;Chris Davis;7;0;0.0;79;0
WDID10366;Curtis Suarez;7;0;0.0;69;0
WDID10807;Susan Smith;6;0;0.0;72;0
WDID10147;Matthew Brown;7;0;0.0;64;0
WDID10027;Cheryl Benson;7;0;0.0;46;0
WDID11042;Dr. Lindsay Davis;6;0;0.0;61;0
WDID10116;Brandy Bennett;7;0;0.0;100;0
WDID10989;Audrey Mcdowell;6;0;0.0;60;0
WDID10023;Leslie Gibson;7;0;0.0;94;0
WDID11020;Timothy Ray;6;0;0.0;62;0
WDID10831;Ashley Alvarez;6;0;0.0;55;0
WDID10938;Felicia Jones;6;0;0.0;68;0
WDID10171;Derek Colon;7;0;0.0;73;0
WDID11099;Ashley Gutierrez;6;0;0.0;69;0
WDID10997;Michael Ramsey;6;0;0.0;55;0
WDID10273;Robert Johnson;7;0;0.0;61;0
WDID10290;Sandra Lane;7;0;0.0;62;0
WDID10780;Clayton Ramirez;6;0;0.0;82;0
WDID10179;Jessica Beck;7;0;0.0;75;0
WDID11088;Holly Yates;6;0;0.0;46;0
WDID10455;Sarah Nicholson;7;0;0.0;82;0
WDID09979;Chad Mcguire;7;0;0.0;47;0
WDID10956;Gregory Green;6;0;0.0;57;0
WDID10272;Jerry Norris;7;0;0.0;78;0
WDID09973;Miguel Hicks;7;0;0.0;77;0
WDID09995;John Cox;7;0;0.0;73;0
WDID09966;Amy Cardenas;7;0;0.0;77;0
WDID11052;Jennifer Nelson;6;0;0.0;65;0
WDID11070;April Jones;6;0;0.0;54;0
WDID11044;Peter Vaughn;6;0;0.0;72;0
WDID10757;Tracey Knight;6;0;0.0;56;0
WDID10819;Melanie Heath;6;0;0.0;58;0
WDID10894;Mark Ortega;6;0;0.0;56;0
WDID09923;Eric Lawson;7;0;0.0;86;0
WDID10787;Amy King;6;0;0.0;57;0
WDID10776;Derek Edwards;6;0;0.0;64;0
WDID10371;Joseph Lam;7;0;0.0;50;0
WDID10327;Cindy Mahoney;7;0;0.0;75;0
WDID10911;Mitchell Osborne;6;0;0.0;63;0
WDID10124;Timothy Hernandez II;7;0;0.0;70;0
WDID10232;Sarah Mccormick;7;0;0.0;82;0
WDID11046;Kenneth Sharp;6;0;0.0;46;0
WDID10816;Ryan Hartman;6;0;0.0;67;0
WDID10334;Amber Robinson;7;0;0.0;71;0
WDID10203;Kyle Peterson;7;0;0.0;65;0
WDID10803;Jennifer Martin;6;0;0.0;66;0
WDID10795;Joseph Stewart;6;0;0.0;55;0
WDID10306;Jacob Rivera;7;0;0.0;66;0
WDID10826;Krista Adams;6;0;0.0;52;0
WDID10377;Walter Reed;7;0;0.0;77;0
WDID09911;Kimberly Hayes;7;0;0.0;70;0
WDID11081;James Reed;6;0;0.0;71;0
WDID10029;Denise Tran;7;0;0.0;106;0
WDID11108;Savannah Fowler;6;0;0.0;66;0
WDID10003;Crystal Williams;7;0;0.0;84;0
WDID11112;Christopher Fisher;6;0;0.0;42;0
WDID10391;Richard Hoffman;7;0;0.0;54;0
WDID10168;Hector Collins;7;0;0.0;28;0
WDID10426;Ricky Carter;7;0;0.0;71;0
WDID10879;Robert Baker;6;0;0.0;63;0
WDID11019;Andrew Moore;6;0;0.0;69;0
WDID09965;Brandon Rivers;7;0;0.0;92;0
WDID09915;Natasha Graves;7;0;0.0;65;0
WDID10342;Matthew Morgan PhD;7;0;0.0;82;0
WDID10135;Ruth Mooney;7;0;0.0;75;0
WDID09946;Christopher Perez;7;0;0.0;92;0
WDID09959;Michelle Bowen;7;0;0.0;81;0
WDID10852;Shaun Strong;6;0;0.0;63;0
WDID10148;Claudia King;7;0;0.0;66;0
WDID10868;Gerald Lewis;6;0;0.0;48;0
WDID10369;Christine Smith;7;0;0.0;59;0
WDID10919;Kristin Thompson;6;0;0.0;55;0
WDID10206;Maria Gamble;7;0;0.0;59;0
WDID10259;James Jones;7;0;0.0;72;0
WDID09997;Tracy Johnson;7;0;0.0;50;0
WDID10774;Evelyn White DDS;6;0;0.0;49;0
WDID10990;Amy Bennett;6;0;0.0;25;0
WDID10297;Anthony Thomas;7;0;0.0;71;0
WDID11038;Joel Hurley;6;0;0.0;51;0
WDID10797;Peter Carter;6;0;0.0;52;0
WDID10054;Patrick Ellis;7;0;0.0;56;0
WDID10181;Michael Riley;7;0;0.0;56;0
WDID10136;Jody Sanchez;7;0;0.0;88;0
WDID10425;Carol Simpson;7;0;0.0;71;0
WDID10981;Taylor Pacheco;6;0;0.0;79;0
WDID10036;Jason Stevens;7;0;0.0;67;0
WDID10887;Craig Freeman;6;0;0.0;51;0
WDID10381;Jasmine Savage;7;0;0.0;64;0
WDID10406;Micheal Solomon;7;0;0.0;76;0
WDID10025;Michael Jones;7;0;0.0;87;0
WDID10893;Edwin Adams;6;0;0.0;70;0
WDID10199;Sophia Wilson;7;0;0.0;64;0
WDID09924;Nathan Davis;7;0;0.0;52;0
WDID10427;Kristin Jones;7;0;0.0;64;0
WDID10407;Ashley Lin;7;0;0.0;73;0
WDID10375;David Hanson;7;0;0.0;52;0
WDID10164;Cynthia Park;7;0;0.0;80;0
WDID10400;Daniel Wall;7;0;0.0;79;0
WDID10209;Vicki Whitaker;7;0;0.0;48;0
WDID11115;Jo Cook;6;0;0.0;52;0
WDID10432;Sara Garcia;7;0;0.0;56;0
WDID10167;Patricia Villarreal;7;0;0.0;84;0
WDID10972;Kristen Hernandez;6;0;0.0;60;0
WDID10804;Tyler Vasquez;6;0;0.0;54;0
WDID11066;Daniel Terry;6;0;0.0;60;0
WDID10770;Christopher Wiley;6;0;0.0;56;0
WDID10265;Robert Nixon;7;0;0.0;70;0
WDID10830;Christy Young;6;0;0.0;66;0
WDID10295;Sean Johnson;7;0;0.0;65;0
WDID10840;Daniel Perkins;6;0;0.0;53;0
WDID10184;Kelly Saunders;7;0;0.0;59;0
WDID10458;Tammy Hernandez;7;0;0.0;72;0
WDID09897;Brandon Chavez;7;0;0.0;70;0
WDID10798;Ronnie Curtis;6;0;0.0;56;0
WDID11105;Catherine Hansen;6;0;0.0;49;0
WDID10453;Nicholas Kent;7;0;0.0;84;0
WDID10902;Brittany Richardson;6;0;0.0;48;0
WDID10756;Sherry Dunn;6;0;0.0;65;0
WDID10462;Dalton Mills;7;0;0.0;71;0
WDID10210;Yesenia Howard MD;7;0;0.0;68;0
WDID10842;Roberto Jones;6;0;0.0;55;0
WDID09931;Christopher Buck;7;0;0.0;94;0
WDID10898;Joshua Smith;6;0;0.0;48;0
WDID10869;William Jones;6;0;0.0;39;0
WDID09996;Megan Ward;7;0;0.0;57;0
WDID10843;Andrew Kirby;6;0;0.0;68;0
WDID10885;Nancy Blevins;6;0;0.0;60;0
WDID10241;Mathew Ward;7;0;0.0;71;0
WDID09963;Sherri Wright;7;0;0.0;76;0
WDID10308;Brian Williams;7;0;0.0;97;0
WDID10125;Geoffrey Heath;7;0;0.0;68;0
WDID10790;Katherine Martin;6;0;0.0;53;0
WDID10404;Brandon Soto;7;0;0.0;69;0
WDID10269;Leslie Leonard;7;0;0.0;72;0
WDID10746;Rebecca Young;6;0;0.0;70;0
WDID10777;Adam Fuentes;6;0;0.0;56;0
WDID11023;Kristen Terrell;6;0;0.0;83;0
WDID09950;Matthew Dean;7;0;0.0;91;0
WDID10853;Paul Norton;6;0;0.0;50;0
WDID10302;James Stephenson;7;0;0.0;83;0
WDID10186;Latoya Austin;7;0;0.0;65;0
WDID10392;Stephen Palmer;7;0;0.0;64;0
WDID11024;Austin King;6;0;0.0;60;0
WDID10046;Tanya Bowen;7;0;0.0;95;0
WDID10213;Marcus Rodriguez;7;0;0.0;76;0
WDID10185;Lisa Camacho;7;0;0.0;80;0
WDID10977;Emily Smith;6;0;0.0;72;0
WDID10143;Deanna Golden;7;0;0.0;66;0
WDID10178;Misty Castro;7;0;0.0;44;0
WDID10296;Toni Obrien;7;0;0.0;49;0
WDID10331;Julia Cunningham;7;0;0.0;80;0
WDID10948;Jennifer Taylor;6;0;0.0;69;0
WDID11028;Kimberly Holt;6;0;0.0;55;0
WDID10195;Jimmy Baldwin;7;0;0.0;73;0
WDID10378;Natasha Walker;7;0;0.0;75;0
WDID10811;Bruce Manning;6;0;0.0;60;0
WDID10429;Thomas Fletcher;7;0;0.0;69;0
WDID10393;John Mckinney;7;0;0.0;78;0
WDID10344;Jodi Gutierrez;7;0;0.0;66;0
WDID10943;Jordan Martin;6;0;0.0;84;0
WDID11008;Carly Underwood;6;0;0.0;58;0
WDID09905;Brandy Martinez;7;0;0.0;83;0
WDID10267;Miss Christina Friedman;7;0;0.0;51;0
WDID10769;Katherine Young;6;0;0.0;52;0
WDID10834;Mr. Michael Cox MD;6;0;0.0;72;0
WDID10915;Michael Rodriguez;6;0;0.0;87;0
WDID10367;Benjamin Cordova;7;0;0.0;61;0
WDID11064;Matthew Cole;6;0;0.0;39;0
WDID11103;Joseph Farmer;6;0;0.0;52;0
WDID10783;Stephen Thompson;6;0;0.0;59;0
WDID10231;Emily Tyler;7;0;0.0;94;0
WDID10953;Nicholas Bauer;6;0;0.0;57;0
WDID10129;Andrea Miller;7;0;0.0;62;0
WDID10437;Misty Jones;7;0;0.0;59;0
WDID10115;Shawn Boone;7;0;0.0;80;0
WDID10207;Matthew Thompson;7;0;0.0;81;0
WDID09984;Shawn Orr;7;0;0.0;87;0
WDID10860;Kelly Price;6;0;0.0;52;0
WDID10785;Ashley Byrd;6;0;0.0;63;0
WDID10802;Michaela Coleman;6;0;0.0;37;0
WDID10876;Gregory Taylor;6;0;0.0;63;0
WDID10398;Ashley Brown;7;0;0.0;79;0
WDID10878;Adam Sullivan;6;0;0.0;74;0
WDID10271;Christopher Valentine;7;0;0.0;53;0
WDID10329;Juan Melendez;7;0;0.0;67;0
WDID11089;Zachary Rivera;6;0;0.0;60;0
WDID10906;Jason Jackson;6;0;0.0;52;0
WDID11071;Kari Cox;6;0;0.0;30;0
WDID10050;Cassandra Hatfield;7;0;0.0;71;0
WDID10904;Patrick Murphy;6;0;0.0;59;0
WDID10175;Rebecca Newton;7;0;0.0;35;0
WDID10150;Heidi Meyer;7;0;0.0;47;0
WDID10954;Anthony Robinson;6;0;0.0;54;0
WDID10293;Rebecca Hall MD;7;0;0.0;68;0
WDID10926;Jason Cisneros;6;0;0.0;63;0
WDID10820;Dr. Gabriel Mendoza;6;0;0.0;54;0
WDID11055;Zachary Nguyen;6;0;0.0;50;0
WDID10041;Brenda Vargas;7;0;0.0;49;0
WDID10817;Brian Castro;6;0;0.0;59;0
WDID11027;Kevin Ellis;6;0;0.0;79;0
WDID10183;Dawn Smith;7;0;0.0;106;0
WDID10758;Heather Powell;6;0;0.0;61;0
WDID10402;Dr. Barbara Donovan;7;0;0.0;93;0
WDID10123;Julie Snyder;7;0;0.0;75;0
WDID10215;Michael Ford;7;0;0.0;70;0
WDID10865;Chase Hale;6;0;0.0;93;0
WDID11045;Sarah Keith;6;0;0.0;60;0
WDID10341;Michael Kim;7;0;0.0;55;0
WDID11057;Cassandra Welch;6;0;0.0;74;0
WDID11098;John Pope;6;0;0.0;94;0
WDID10832;John Watkins;6;0;0.0;73;0
WDID10987;Troy Munoz;6;0;0.0;61;0
WDID10146;Melanie Henderson;7;0;0.0;62;0
WDID10103;Melissa Harmon;7;0;0.0;67;0
WDID10413;Valerie Greer;7;0;0.0;86;0
WDID10350;James Gates;7;0;0.0;69;0
WDID10208;Evelyn Martinez;7;0;0.0;74;0
WDID09926;Laura Pearson;7;0;0.0;61;0
WDID10759;Anne Stafford;6;0;0.0;62;0
WDID11003;Anita Smith;6;0;0.0;60;0
WDID10158;James Rivera;7;0;0.0;55;0
WDID09957;Cindy West;7;0;0.0;60;0
WDID10750;Carlos Kelley;6;0;0.0;46;0
WDID10176;Jordan Guerrero;7;0;0.0;62;0
WDID10043;Rita Brown;7;0;0.0;68;0
WDID10424;Sara Good;7;0;0.0;83;0
WDID10238;Beverly Bennett;7;0;0.0;58;0
WDID10205;Jeffrey Tyler;7;0;0.0;71;0
WDID11111;Nicole Lewis;6;0;0.0;50;0
WDID10936;Matthew Buck;6;0;0.0;57;0
WDID10026;Jasmine Jacobs;7;0;0.0;61;0
WDID10884;Stephen Ray;6;0;0.0;80;0
WDID10751;Christopher Weiss;6;0;0.0;46;0
WDID10752;April Hensley;6;0;0.0;63;0
WDID10814;Elizabeth Little;6;0;0.0;49;0
WDID11074;Abigail Murphy;6;0;0.0;46;0
WDID10839;Brenda Cooley;6;0;0.0;57;0
WDID10805;Adam Irwin;6;0;0.0;63;0
WDID10765;Louis Cross;6;0;0.0;49;0
WDID09949;Jordan Holmes;7;0;0.0;72;0
WDID10809;Patrick Moran;6;0;0.0;44;0
WDID10261;Shannon Juarez;7;0;0.0;77;0
WDID09933;Nicholas Stewart;7;0;0.0;67;0
WDID10916;Nicole Russell;6;0;0.0;66;0
WDID10985;Kimberly Ryan MD;6;0;0.0;78;0
WDID10966;Shannon Reyes;6;0;0.0;56;0
WDID09937;Daniel Mitchell;7;0;0.0;76;0
WDID11006;Scott Wallace;6;0;0.0;38;0
WDID11010;Darlene Sanchez DVM;6;0;0.0;67;0
WDID10330;Cindy King;7;0;0.0;66;0
WDID10409;Kimberly Snyder;7;0;0.0;71;0
WDID10376;Erik Johnson;7;0;0.0;67;0
WDID10767;Christopher Richardson;6;0;0.0;63;0
WDID10882;Mr. Scott Robinson;6;0;0.0;47;0
WDID10156;David Hernandez;7;0;0.0;81;0
WDID10799;Valerie Perry;6;0;0.0;64;0
WDID11072;Lee Larsen;6;0;0.0;36;0
WDID10373;Tracy Henderson;7;0;0.0;83;0
WDID10434;Daniel Hall;7;0;0.0;67;0
WDID11029;Emily Carter;6;0;0.0;68;0
WDID10401;Stephanie Williams;7;0;0.0;70;0
WDID10961;Amy Campbell;6;0;0.0;47;0
WDID10837;Mr. Cameron Swanson;6;0;0.0;88;0
WDID10857;Andrew Carlson;6;0;0.0;57;0
WDID09936;Alicia Terry;7;0;0.0;91;0
WDID10994;Corey Coffey;6;0;0.0;74;0
WDID10753;Rachel Walker;6;0;0.0;46;0
WDID10042;Kent Oneal;7;0;0.0;80;0
WDID10000;Mrs. Sarah Carpenter MD;7;0;0.0;48;0
WDID10035;Alexis Wilson;7;0;0.0;45;0
WDID10928;April Harris;6;0;0.0;54;0
WDID10338;George Morgan;7;0;0.0;61;0
WDID10024;Nathan Sherman;7;0;0.0;65;0
WDID10346;Laura Johnson;7;0;0.0;54;0
WDID10858;Lauren Sanders;6;0;0.0;56;0
WDID09925;Rebecca Stephens;7;0;0.0;45;0
WDID10180;Debbie Gross;7;0;0.0;40;0
WDID11035;Courtney Miller;6;0;0.0;60;0
WDID10414;Christina Estrada;7;0;0.0;74;0
WDID10888;Jose Morris;6;0;0.0;65;0
WDID10866;Aaron Jackson;6;0;0.0;49;0
WDID10280;Jaclyn Martin;7;0;0.0;53;0
WDID11109;Harry Hamilton;6;0;0.0;61;0
WDID09940;Jessica Mercer;7;0;0.0;79;0
WDID10354;Allison Davis;7;0;0.0;79;0
WDID10747;Elizabeth Thomas;6;0;0.0;57;0
WDID10014;Veronica Johnson;7;0;0.0;70;0
WDID10436;Jaime Fuller;7;0;0.0;52;0
WDID10188;Leslie White;7;0;0.0;49;0
WDID11009;Deborah Juarez;6;0;0.0;53;0
WDID09944;David Farmer;7;0;0.0;58;0
WDID10931;Franklin Wright;6;0;0.0;59;0
WDID11078;Kristen Campbell;6;0;0.0;62;0
WDID09934;Robert Hogan;7;0;0.0;48;0
WDID10233;Kathy Pope;7;0;0.0;89;0
WDID11016;Sharon Miller;6;0;0.0;70;0
WDID10991;Leslie Smith;6;0;0.0;66;0
WDID10867;Jason Jones;6;0;0.0;76;0
WDID09927;Stephanie Morgan;7;0;0.0;62;0
WDID10008;Dennis Cox;7;0;0.0;99;0
WDID10768;William Robinson;6;0;0.0;69;0
WDID10045;James York;7;0;0.0;56;0
